"ID","start_time","completion_time","major","active_mobility","home_campus","frequency_visiting_canteen","staff_response","friendly_staff","quick_response_staff","order_waiting_time","payment_method","smooth_payment","clear_menu_info","advice_for_services","clean_area","cozy_room_layout","neat_furniture_placement","clean_utensils","cleaning_facility","proper_table_chair","cozy_seating_area","cleanliness_advice","facility_advice","menu_variety","healty_menu","freshness_menu","taste_match_price","affordable_price","price_vs_quality","product_advice","date","duration","mean_satisfaction_score","mean_services_score","mean_cleanliness_score","mean_product_score"
12,"18:35:56","18:37:57","digital business","iya","binus@bandung","1-2 kali",4,4,4,4,4,4,4,"lebih banyak menu makanannya",4,4,4,4,4,4,4,"-","-",4,4,4,4,4,4,"-",2025-04-05,2.02,4,4,4,4
14,"18:38:42","18:42:44","computer science","iya","binus@bandung","3-4 kali",5,5,5,5,4,4,4,"ada beberapa kios yang harganya tidak tertera",4,4,4,4,2,4,4,"untuk piring dengan sisa makanan sebaiknya lebih cepat untuk diambil","perlu wastafel untuk mencuci tangan",4,4,4,4,2,4,"sebaiknya alternatif makanan berat di bawah 20 ribu diperbanyak",2025-04-05,4.03,4,4.57,3.71,3.67
15,"18:36:07","18:43:53","computer science","iya","binus@bandung","1-2 kali",4,4,4,4,5,4,4,"tidak ada",4,4,4,4,5,4,5,"tidak ada","tong sampah diperbanyak",5,4,4,5,4,4,"tidak ada",2025-04-05,7.77,4.25,4.14,4.29,4.33
16,"18:39:48","18:44:13","computer science","iya","binus@bandung","3-4 kali",4,4,5,4,5,5,4,"tidak ada",4,1,4,4,3,4,1,"tidak ada","kantin kehujanan apabila sedang hujan, sehingga sulit dan repot untuk beli ataupun makan di sana. kalau boleh dapat ditambahkan penutup di atas jalan kantinnya sehingga tidak kehujanan.",5,5,5,4,5,5,"tidak ada",2025-04-05,4.42,4.05,4.43,3,4.83
17,"19:11:49","19:16:21","computer science","iya","binus@malang","1-2 kali",4,4,4,4,4,4,4,"tidak ada",4,2,2,3,2,3,2,"perbanyak tempat sampah dan fasilitas kebersihan seperti wastafel, hand sanitizer, dll","kursi dan meja yang lebih nyaman",5,4,4,4,4,4,"perbanyak masakan dari berbagai daerah jadi tidak cuma kuliner jakarta aja",2025-04-05,4.53,3.55,4,2.57,4.17
18,"21:32:59","21:35:02","computer science","iya","binus@bandung","3-4 kali",4,4,4,4,4,4,4,"tidak",3,3,3,3,3,3,3,"tidak","tidak",3,3,3,3,3,3,"tidak",2025-04-05,2.05,3.35,4,3,3
21,"21:26:52","21:29:18","computer science","iya","binus@semarang","3-4 kali",3,4,4,4,4,4,2,"tidak ada",4,4,4,4,2,4,2,"tidak ada","tidak ada",4,3,4,4,4,4,"harganya tidak ramah",2025-04-06,2.43,3.6,3.57,3.43,3.83
22,"21:29:18","21:32:03","computer science","iya","binus@semarang","3-4 kali",3,4,4,4,4,4,4,"bisa dibuat aplikasi pesan online kantin, jadi bisa pesan dari kelas tinggal ambil waktu istirahat. memudahkan mahasiswa yang jadwalnya padat",4,4,3,4,2,4,2,"tidak ada","tidak ada",4,4,4,4,4,4,"tidak ada",2025-04-06,2.75,3.7,3.86,3.29,4
23,"21:32:46","21:36:00","computer science","iya","binus@semarang","1-2 kali",3,1,5,5,1,4,5,"lebih sering dibersihkan supaya tempatnya bisa digunakan oleh orang lain",4,4,4,4,1,4,4,"lebih sering dibersihkan","tidak ada",4,4,4,4,2,4,"tidak ada",2025-04-06,3.23,3.55,3.43,3.57,3.67
24,"22:42:04","22:46:10","computer science","iya","binus@semarang",">4 kali",5,5,5,5,4,5,5,"tidak ada",3,2,3,4,5,5,5,"tidak ada","kalo bisa jangan outdoor ðŸœ¯",5,5,5,5,5,5,"tidak ada",2025-04-06,4.1,4.55,4.86,3.86,5
25,"09:21:15","09:24:09","computer science","iya","binus@semarang","1-2 kali",3,4,3,4,4,4,4,"cukup",3,4,4,4,2,4,4,"klo ada makanan sisa cepet dibuang aja","butuh atap",3,3,4,4,3,3,"tidak",2025-04-07,2.9,3.55,3.71,3.57,3.33
26,"18:21:49","18:24:41","computer science","iya","binus@semarang","1-2 kali",5,5,5,5,5,5,5,"tidak ada",4,5,4,4,3,4,4,"tidak ada","tidak ada",4,4,5,4,4,4,"tidak ada",2025-04-07,2.87,4.4,5,4,4.17
27,"21:59:39","22:02:10","computer science","iya","binus@semarang","1-2 kali",4,4,2,4,4,4,2,"flow antrian",4,4,4,4,4,4,4,"sudah baik","perbanyak",4,4,4,4,2,2,"porsinya banyakin",2025-04-17,2.52,3.6,3.43,4,3.33
28,"01:11:08","01:23:38","computer science","iya","binus@semarang",">4 kali",5,5,5,5,3,2,4,"tidak ada",3,4,5,2,2,4,3,"meja terkadang kotor bekas makanan, perlu lebih sering dibersihkan. kucing kadang naik meja/kursi, tidak higienis.","tidak ada",5,4,5,4,3,4,"tidak ada",2025-04-18,12.5,3.85,4.14,3.29,4.17
29,"01:39:36","01:42:24","computer science","iya","binus@semarang","1-2 kali",5,5,5,4,5,5,5,"tidak ada",4,5,2,3,3,4,4,"tidak ada","tidak ada",4,5,5,5,2,4,"tidak ada",2025-04-18,2.8,4.2,4.86,3.57,4.17
30,"15:31:09","15:35:50","computer science","iya","binus@malang","1-2 kali",5,4,3,4,3,2,5,"mungkin, meskipun sudah ditekankan pembayaran secara online, seharusnya masih bisa dilakukan pembayaran secara cash di outlet2 tertentu, agar lebih memudahkan saat pembelian makanan/minuman",5,4,3,4,2,5,4,"tidak ada","vending machine",5,4,4,4,3,3,"tidak ada",2025-04-19,4.68,3.8,3.71,3.86,3.83
31,"19:57:19","20:00:32","computer science","iya","binus@malang","0 kali",4,4,4,4,5,5,5,"tidak ada",4,3,4,4,3,4,4,"tidak ada","tempat duduknya jangan di tempat yang panas, dan bisa diberi kursi dan meja lebih banyak lagi",4,5,5,4,5,5,"tidak ada",2025-04-19,3.22,4.25,4.43,3.71,4.67
32,"22:52:15","22:58:36","public relations","iya","binus@malang","1-2 kali",4,4,4,4,4,4,4,"untuk pelayanan mungkin tolong lebih ramah lagi ke mahasiswa kalo kita mau belanja karena kadang kalau mau belanja jadi keduluan ga mood.",4,4,4,4,4,4,4,"tempat duduknya agar ada yang membersihkan setiap selesai makan, atau kalau bisa diberi sign untuk membersihkan meja masing masing setelah dipakai dan kenakan teguran saja jika tidak membersihkan meja terutama tidak mengelap meja jika menumpahkan sesuatu itu jadi buat jengkel kalau mau duduk.","mohon tambahkan kanopi atau payung untuk bagian kursi yg terkena panas dan wastafel di kantin belakang.",4,4,4,4,4,4,"tidak ada",2025-04-19,6.35,4,4,4,4
33,"11:44:04","11:45:38","communication - marketing communication","iya","binus@malang","3-4 kali",5,5,5,5,5,5,5,"no",5,5,5,5,5,5,5,"nono","game",5,5,5,5,5,5,"tambah tenant",2025-04-20,1.57,5,5,5,5
34,"12:34:07","12:35:32","information systems","iya","binus@semarang","3-4 kali",4,4,5,4,5,5,4,"tidak ada",4,4,5,4,4,4,5,"tidak ada","tidak ada",4,5,4,4,4,5,"tidak ada",2025-04-21,1.42,4.35,4.43,4.29,4.33
35,"13:04:02","13:07:27","information systems","iya","binus@semarang","1-2 kali",3,2,5,5,5,5,5,"dibanyakin varian menunyaa lagii",5,5,5,5,5,5,5,"-","diperluas area kantinnya",5,5,5,5,5,5,"-",2025-04-21,3.42,4.75,4.29,5,5
36,"12:04:37","12:06:56","information systems","iya","binus@semarang","1-2 kali",3,3,3,4,4,4,4,"tidak ada",4,3,3,3,4,4,4,"tidak ada","tidak ada",4,4,4,4,2,4,"tidak ada",2025-04-22,2.32,3.6,3.57,3.57,3.67
37,"12:17:26","12:19:50","data science","iya","binus@bandung","1-2 kali",3,4,5,4,4,5,4,"tidak ada",5,5,5,4,5,5,5,"tidak ada","tidak ada",5,5,5,5,5,5,"tidak ada",2025-04-22,2.4,4.65,4.14,4.86,5
38,"12:18:49","12:22:32","computer science","iya","binus@malang","3-4 kali",4,4,4,5,5,5,5,"tidak ada",5,5,3,4,4,5,5,"tidak ada","tidak ada",4,3,4,4,5,5,"tidak ada",2025-04-22,3.72,4.4,4.57,4.43,4.17
39,"12:18:06","12:23:05","computer science","iya","binus@bandung","1-2 kali",4,4,4,5,4,5,4,"udh bagus",5,4,3,4,5,5,5,"tidak ada","tidak ada",4,4,4,4,3,3,"tidak ada",2025-04-22,4.98,4.15,4.29,4.43,3.67
40,"12:23:31","12:27:15","computer science","iya","binus@bandung","1-2 kali",4,4,4,4,4,4,5,"tidak ada",3,4,2,4,4,4,4,"tidak ada","pakai nomor antrian yang berbunyi ketika makanan sudah selesai agar antrian tidak menumpuk",4,4,4,4,3,3,"tidak ada",2025-04-22,3.73,3.8,4.14,3.57,3.67
41,"12:50:29","12:53:44","computer science","iya","binus@bandung",">4 kali",4,4,4,4,4,4,4,"tidak",4,4,4,4,4,4,4,"perbanyak tempat sampah","perbanyak tempat sampah",4,4,4,4,4,4,"perbanyak variasi",2025-04-22,3.25,4,4,4,4
42,"12:07:02","13:33:26","computer science","iya","binus@malang","1-2 kali",4,4,4,3,5,4,5,"tidak ada",4,4,4,4,4,4,4,"tidak ada","tidak ada",4,4,4,4,3,4,"tidak ada",2025-04-22,86.4,4,4.14,4,3.83
43,"13:34:36","13:36:15","computer science","iya","binus@greater jakarta",">4 kali",4,4,4,4,4,4,4,"-",4,4,4,4,4,4,4,"-","6",4,4,4,4,4,4,"-",2025-04-22,1.65,4,4,4,4
44,"16:08:14","16:14:47","digital business","iya","binus@bandung","3-4 kali",4,4,4,4,3,2,3,"sediakan beberapa metode pembayaran, mungkin kasih opsi cash,",2,3,3,3,3,1,1,"di kantin payung banyak kucing naik2 meja sembarangan, baru yang deket parit banyak nyamuk setiap kali makan. pernah sekali ada ulet bulu jatuh ketangan, kebersihan meja minus banget","mungkin paritnya aja dikondisikan sih, apalagi bau terus kita sambil makan",4,2,4,4,2,2,"enak si, cuman sedikit over price aja. apalagi menu2 rumahan, beberapa mahasiswa lebih prefer ke warteg",2025-04-22,6.55,2.9,3.43,2.29,3
45,"10:17:04","10:19:16","information systems","iya","binus@semarang","1-2 kali",5,5,4,4,5,5,4,"tidak ada",4,4,4,4,4,4,4,"tidak ada","tidak ada",4,4,4,4,4,3,"tidak ada",2025-04-23,2.2,4.15,4.57,4,3.83
46,"10:52:28","10:55:04","computer science","iya","binus@semarang","1-2 kali",4,4,4,3,5,4,4,"tidak ada",4,3,3,3,4,4,3,"perbanyak kotak sampah","tambahkan meja kursi",4,4,4,4,3,4,"tidak ada",2025-04-24,2.6,3.75,4,3.43,3.83
47,"10:55:41","10:59:27","computer science","iya","binus@semarang","1-2 kali",4,4,4,4,2,4,4,"terkadang wifi yang lemot karena pembayaran hanya menerima qris terkadang wifi yang lemot bisa menjadi kendala",2,5,5,5,3,5,5,"kucing liar masih terdapat di area kantin yang kadang mengganggu orang makan","tidak ada",5,5,5,5,5,5,"tidak ada",2025-04-24,3.77,4.3,3.71,4.29,5
48,"12:58:28","13:00:04","computer science","iya","binus@semarang",">4 kali",5,5,5,4,5,5,5,"-",4,4,4,4,5,5,5,"-","-",5,5,5,5,5,5,"-",2025-04-24,1.6,4.75,4.86,4.43,5
49,"12:55:53","13:29:41","computer science","iya","binus@semarang",">4 kali",5,5,5,5,5,5,5,"tidak ada, sudah sangat baik",5,5,5,5,5,5,5,"tidak ada, untuk kebersihan kantin sudah sangat baik","menurut saya diberikan beberapa mesin vending machine",5,5,5,5,5,5,"tidak ada makanannya sudah cukup berkualitas dengan harga yang sesuai",2025-04-24,33.8,5,5,5,5
50,"13:49:09","13:52:38","computer science","iya","binus@semarang","0 kali",3,3,3,3,3,3,3,"tidak ada",4,3,3,3,4,4,4,"tidak ada","tidak ada",4,4,3,3,2,3,"tidak ada",2025-04-24,3.48,3.25,3,3.57,3.17
51,"14:19:04","14:20:32","computer science","iya","binus@bandung","3-4 kali",4,4,4,4,4,4,4,"kursinya",4,4,4,4,4,4,4,"bagus","kursinya kurang banyak",4,4,4,4,5,4,"-",2025-04-25,1.47,4.05,4,4,4.17
52,"14:48:19","14:51:29","computer science","iya","binus@malang","3-4 kali",4,4,4,4,4,4,4,"tidak ada",4,4,4,4,3,4,4,"tidak ada","tidak ada",4,4,4,4,3,3,"tidak ada",2025-04-25,3.17,3.85,4,3.86,3.67
53,"14:43:44","14:52:13","data science","iya","binus@malang","1-2 kali",3,4,2,2,4,4,4,"mungkin waktu tunggu yang jangan terlalu lama",4,4,2,3,3,2,2,"setelah makan, sebaiknya mahasiswa membuang sampah ke tempat masing2  atau jika berupa piring yang akan dipakai lagi sebaiknya petugas mengambil alat makan yang diberikan","penambahan meja dan kursi",5,4,4,4,2,2,"tidak ada",2025-04-25,8.48,3.2,3.29,2.86,3.5
54,"15:07:44","15:10:02","data science","iya","binus@malang","1-2 kali",4,4,4,4,4,4,4,"perluas kantin",4,4,4,4,4,4,4,"tidak ada","tidak ada",4,4,4,4,4,4,"tidak ada",2025-04-25,2.3,4,4,4,4
55,"15:51:33","15:54:32","computer science","iya","binus@semarang",">4 kali",1,2,3,2,3,2,1,"lebih ramah",1,2,3,2,1,2,3,"rutin membuang sampah makanan sisa","-",1,2,3,4,4,3,"murahin dong",2025-04-25,2.98,2.25,2,2,2.83
56,"15:58:37","16:03:09","computer science","iya","binus@malang","3-4 kali",5,5,5,5,5,5,5,"persediaan makannya tetap di diperhatikan, karena sering ingin beli nasinya habis",5,5,5,5,5,5,5,"tidak ada","tidak ada",4,4,5,4,3,4,"tidak ada",2025-04-25,4.53,4.7,5,5,4
57,"17:12:43","17:15:38","computer science - software engineering","iya","binus@semarang","3-4 kali",5,5,5,5,5,5,5,"tidak ada",4,4,4,5,4,4,4,"mejanya di lap â˜ðŸŠ¡","tidak ada",5,5,5,5,5,5,"tidak ada",2025-04-25,2.92,4.7,5,4.14,5
58,"17:03:12","17:18:16","computer science","iya","binus@bandung","3-4 kali",4,5,4,5,4,5,5,"tidak ada",4,4,4,4,5,4,5,"masih ada lalat dan nyamuk mungkin bisa siapkan kipas untuk mengusir atau bunuh serangga tersebut","tidak ada",4,5,4,4,4,4,"tidak ada",2025-04-25,15.07,4.35,4.57,4.29,4.17
59,"17:49:16","17:50:36","artificial intelligence","iya","binus@semarang","1-2 kali",4,4,4,4,4,4,4,"belom",4,4,4,4,4,4,4,"blm","game",4,4,4,4,4,4,"tidak",2025-04-25,1.33,4,4,4,4
60,"21:44:55","21:48:11","computer science","iya","binus@malang","1-2 kali",4,3,5,4,5,5,3,"antrian lebih diatur",4,4,3,4,2,4,4,"wastafel dibanyakin","tidak ada",4,4,4,4,4,4,"sudah baik",2025-04-25,3.27,3.9,4.14,3.57,4
61,"04:07:58","04:10:06","computer science","iya","binus@bandung","1-2 kali",4,5,4,5,5,5,5,"tidak ada",4,4,2,3,3,4,4,"tidak ada","tidak ada",4,5,4,5,4,4,"tidak ada",2025-04-26,2.13,4.15,4.71,3.43,4.33
62,"14:02:35","14:05:38","computer science","iya","binus@bandung","1-2 kali",4,4,4,2,5,2,5,"tidak",4,4,4,4,4,4,4,"sudah bagus","toilet",4,4,4,4,4,2,"sudah bgus cm tidak worth it aja buat harga sgitu",2025-04-26,3.05,3.8,3.71,4,3.67
63,"14:09:59","14:11:55","cyber security","iya","binus@bandung","3-4 kali",4,3,4,4,5,4,4,"kursi perlu di perbanyak",4,4,4,5,4,4,4,"sudah cukup bersih","kursinya tambah",5,2,5,5,4,4,"-",2025-04-26,1.93,4.1,4,4.14,4.17
64,"14:10:49","14:11:55","computer science","iya","binus@bandung",">4 kali",4,4,4,4,4,4,4,"-",4,4,4,4,4,4,4,"-","-",4,4,4,4,4,4,"-",2025-04-26,1.1,4,4,4,4
65,"14:09:14","14:12:06","computer science","iya","binus@bandung","3-4 kali",3,4,4,4,4,4,4,"ac nya kurang dingin",2,4,2,4,4,4,4,"tidak ada","ac ny kurang terasa",4,4,4,4,4,4,"tidak ada",2025-04-26,2.87,3.75,3.86,3.43,4
66,"14:11:17","14:12:34","computer science","iya","binus@bandung","1-2 kali",3,4,4,5,4,5,4,"tidak ada",5,4,5,4,5,4,5,"tidak ada","tidak ada",4,5,4,4,5,5,"tidak ada",2025-04-26,1.28,4.4,4.14,4.57,4.5
67,"14:09:50","14:16:00","computer science","iya","binus@bandung","1-2 kali",4,4,4,4,4,4,4,"tidak ada",4,4,2,4,4,4,4,"tidak ada","terkadang tenant tertentu memiliki antrian yang panjang, sehingga antrian menutupi jalan. mungkin bisa diperbaiki sistem antri atau tata meja nya agar lebih efektif",4,4,4,4,4,4,"tidak ada",2025-04-26,6.17,3.9,4,3.71,4
68,"14:12:05","14:16:48","data science","iya","binus@bandung","1-2 kali",4,4,4,4,4,4,4,"-",4,4,4,4,4,4,4,"-","-",4,4,4,4,4,4,"-",2025-04-26,4.72,4,4,4,4
69,"14:14:34","14:17:35","cyber security","iya","binus@bandung","3-4 kali",4,4,4,4,4,4,4,"tidak ada",4,4,4,4,4,4,4,"tidak ada","tidak ada",4,4,4,4,4,4,"tidak ada",2025-04-26,3.02,4,4,4,4
70,"14:19:07","14:23:00","computer science","iya","binus@bandung",">4 kali",5,5,5,5,5,5,5,"tambahkan perfomance dj",5,5,5,5,5,5,5,"membeli robot ai pengambil dan pemungut sampah","mengeluarkan modal yang sesuai dengan biaya kuliah",5,5,5,5,1,5,"menambah menu nasi babi",2025-04-26,3.88,4.8,5,5,4.33
71,"14:22:01","14:24:17","computer science","iya","binus@bandung","1-2 kali",4,4,4,4,5,5,5,"tidak ada",4,4,4,4,4,4,4,"tidak ada","tidak ada",4,4,4,4,4,4,"tidak ada",2025-04-26,2.27,4.15,4.43,4,4
72,"14:27:16","14:29:30","computer science","iya","binus@bandung","1-2 kali",4,4,4,4,4,4,4,"tidak ada",4,4,4,4,4,4,4,"tidak ada","tidak ada",4,4,4,4,4,4,"tidak ada",2025-04-26,2.23,4,4,4,4
73,"14:35:56","14:36:27","computer science","iya","binus@bandung","1-2 kali",4,4,4,4,4,4,4,"tidak ada",4,4,4,4,4,4,4,"tidak ada","tidak ada",4,4,4,4,4,4,"tidak ada",2025-04-26,0.52,4,4,4,4
74,"14:31:44","14:37:21","computer science","iya","binus@bandung","3-4 kali",4,4,5,4,5,4,4,"tidak ada",4,5,5,4,5,5,5,"bukan hanya mengambil piring kotor, tetapi juga mengelap meja yang telah dipakai oleh orang lain, agar orang yang ingin duduk merasa nyaman.","tidak ada",4,5,5,4,3,4,"tidak ada",2025-04-26,5.62,4.4,4.29,4.71,4.17
75,"14:46:53","14:48:49","computer science","iya","binus@semarang","1-2 kali",4,4,4,4,4,4,4,"belum ada semua sudah bagus",4,4,4,4,4,4,4,"di bagian payung"" nya yang keliatan sedikit kotor","belum ada",4,4,5,4,4,4,"belum ada",2025-04-26,1.93,4.05,4,4,4.17
76,"14:44:30","14:51:10","computer science","iya","binus@semarang","1-2 kali",3,4,4,4,4,4,4,"tidak ada",4,3,3,3,4,4,4,"untuk setiap kantin baiknya menyediakan wastafel atau jika sulit menambah wastafel setidaknya di sediakan tisu basah/kering,sediakan juga tempat sampah","tidak ada",3,4,3,3,4,3,"tidak ada",2025-04-26,6.67,3.6,3.86,3.57,3.33
77,"14:51:25","14:53:22","computer science - software engineering","iya","binus@bandung","1-2 kali",4,4,4,4,4,4,4,"-",4,4,4,4,4,4,4,"-","-",4,4,4,4,4,4,"-",2025-04-26,1.95,4,4,4,4
78,"14:51:25","14:53:22","computer science - software engineering","iya","binus@bandung","1-2 kali",4,4,4,4,4,4,4,"-",4,4,4,4,4,4,4,"-","-",4,4,4,4,4,4,"-",2025-04-26,1.95,4,4,4,4
79,"14:51:16","14:54:45","game application and technology","iya","binus@malang",">4 kali",3,5,5,4,5,5,5,"tidak ada",5,5,5,5,4,5,5,"tidak ada","tidak ada",5,4,5,5,4,4,"tidak ada",2025-04-26,3.48,4.65,4.57,4.86,4.5
80,"14:53:09","14:55:49","computer science","iya","binus@malang","1-2 kali",4,4,4,4,4,4,4,"lebih tertata dan lebih jelas dalam tata kelola kantin",4,4,4,4,4,4,4,"-","-",4,4,4,4,4,4,"-",2025-04-26,2.67,4,4,4,4
81,"15:02:48","15:06:34","computer science - software engineering","iya","binus@semarang","0 kali",3,3,3,3,3,3,3,"sopan dalam melayani",3,3,3,3,3,3,3,"di sapu dan di pel","belanja barang barang interior",3,3,3,3,3,3,"mantap",2025-04-26,3.77,3,3,3,3
82,"15:02:30","15:09:13","computer science","iya","binus@semarang","0 kali",4,4,4,4,5,5,3,"tidak ada",4,4,2,4,3,5,5,"tidak ada","mungkin bisa memberikan kotak tisu dan isinya di setiap meja",5,5,4,4,2,2,"tidak ada",2025-04-26,6.72,3.9,4.14,3.86,3.67
83,"15:06:38","15:09:48","computer science","iya","binus@malang","1-2 kali",4,4,4,4,4,4,4,"lebih ekspresif",4,4,4,4,4,4,4,"harap mahasiswa lebih baik dalam membersihkan sisa makanannya","sudah mantap",4,4,4,4,4,4,"sudah mantal poll",2025-04-26,3.17,4,4,4,4
84,"15:10:25","15:12:14","information systems","iya","binus@semarang","1-2 kali",4,4,4,4,5,4,5,"tidak ada",5,4,4,4,5,4,4,"tidak ada","tidak ada",4,4,4,4,4,4,"tidak ada",2025-04-26,1.82,4.2,4.29,4.29,4
85,"15:09:52","15:17:29","computer science","iya","binus@malang","1-2 kali",3,3,5,4,4,4,4,"dimurahkan harganya",4,4,4,4,2,4,2,"yang bekerja harus membersihkan lebih sering","diperbarui fasilitasnya",4,4,4,4,1,2,"dimurahkan harganya",2025-04-26,7.62,3.5,3.86,3.43,3.17
86,"15:32:58","15:33:59","computer science","iya","binus@semarang","0 kali",3,3,3,3,3,3,3,"-",3,3,3,3,3,3,3,"-","-",3,3,3,3,3,3,"-",2025-04-26,1.02,3,3,3,3
87,"15:31:55","15:34:51","computer science","iya","binus@semarang","0 kali",3,4,4,4,5,5,5,"tidak ada",3,3,2,3,2,4,4,"tidak ada","tidak ada",4,3,4,3,3,3,"tidak ada",2025-04-26,2.93,3.55,4.29,3,3.33
88,"15:34:23","15:35:32","computer science","iya","binus@semarang","0 kali",3,3,3,3,3,3,3,"tidak ada",3,3,3,3,3,3,3,"tidak ada","tidak ada",3,3,3,3,3,3,"tidak ada",2025-04-26,1.15,3,3,3,3
89,"15:45:02","15:50:35","computer science","iya","binus@semarang","1-2 kali",3,4,4,4,4,4,4,"tempat tunggu bagi yang memesan/makan diperluas",4,4,2,4,2,4,4,"kasih tisu di wastafel","kasih tisu di wastafel",3,4,3,3,2,4,"murah in dikit harganyaðŸ’¡",2025-04-26,5.55,3.5,3.86,3.43,3.17
90,"15:50:40","16:00:42","computer science","iya","binus@semarang","1-2 kali",4,4,4,4,4,4,4,"banyakin diskon/promo",4,4,4,4,4,4,4,"cukup","perbanyak kursi dan meja",3,4,4,4,3,4,"tidak ada",2025-04-26,10.03,3.9,4,4,3.67
91,"16:58:39","17:02:23","computer science","iya","binus@malang","3-4 kali",3,4,2,4,2,4,2,"kurangnya informasi harga di papan menu di kantin baru",4,4,5,2,4,5,5,"tidak ada, cuma kadang mahasiswa/i gapunya kesadaran sendiri untuk beresin makanannya jadinya pegawai harus kerja double","ga ada",4,2,4,4,4,4,"ga ada",2025-04-26,3.73,3.6,3,4.14,3.67
92,"17:35:53","17:38:44","computer science","iya","binus@semarang",">4 kali",5,5,5,4,5,5,5,"tidak ada",5,5,5,5,5,5,5,"tidak ada","tidak ada",5,5,5,5,4,5,"tidak ada",2025-04-26,2.85,4.9,4.86,5,4.83
93,"17:34:38","17:47:26","computer science","iya","binus@semarang","3-4 kali",4,4,4,4,4,4,4,"tidak ada",4,4,4,4,4,4,4,"tidak ada","tidak ada",4,4,4,4,4,4,"tidak ada",2025-04-26,12.8,4,4,4,4
94,"16:40:41","17:53:59","computer science","iya","binus@semarang","1-2 kali",4,4,4,4,4,4,4,"tidak ada",4,4,2,4,4,4,4,"tidak ada","tidak ada",4,4,4,4,4,4,"tidak ada",2025-04-26,73.3,3.9,4,3.71,4
95,"17:51:11","17:54:34","computer science - software engineering","iya","binus@semarang","3-4 kali",4,5,4,4,5,5,4,"kursi nya ditambahin ðŸ¢³",5,3,4,3,3,4,4,"menambahkan wastafel karena tidak ada di kantin luar :)","kursi :)",4,4,4,4,4,4,"untuk sementara belum ada",2025-04-26,3.38,4.05,4.43,3.71,4
96,"17:57:15","18:02:20","computer science","iya","binus@semarang","3-4 kali",4,4,4,3,4,5,5,"tidak ada",4,4,2,3,2,3,4,"tidak ada","tidak ada",3,3,3,4,4,4,"tidak ada",2025-04-26,5.08,3.6,4.14,3.14,3.5
97,"18:10:56","18:13:40","computer science","iya","binus@semarang","1-2 kali",4,4,4,4,4,4,4,"tidak ada",4,4,4,4,3,4,4,"tidak ada","tidak ada",4,4,4,4,4,4,"tidak ada",2025-04-26,2.73,3.95,4,3.86,4
98,"18:12:09","18:15:05","computer science","iya","binus@semarang","1-2 kali",4,4,4,4,4,4,4,"tidak ada",4,4,4,4,4,4,4,"tidak ada","tidak ada",4,4,4,4,4,4,"tidak ada",2025-04-26,2.93,4,4,4,4
99,"18:20:11","18:23:50","interior design","iya","binus@bandung",">4 kali",4,4,4,4,4,4,4,"tidak ada",4,4,4,4,4,4,4,"tidak ada","tidak ada",4,4,4,4,4,4,"tidak ada",2025-04-26,3.65,4,4,4,4
100,"18:23:22","18:26:10","computer engineering","iya","binus@bandung","1-2 kali",3,4,4,4,4,4,4,"tidak ada",4,4,4,4,4,4,4,"tidak ada","tidak ada",4,4,4,2,2,4,"murahin",2025-04-26,2.8,3.75,3.86,4,3.33
101,"18:38:31","18:41:03","cyber security","iya","binus@bandung","3-4 kali",3,4,4,4,5,5,5,"tidak ada",4,4,2,5,4,5,5,"tidak ada","tidak ada",5,5,5,4,4,4,"tambahkan porsinya",2025-04-26,2.53,4.3,4.29,4.14,4.5
102,"19:04:27","19:07:37","computer science","iya","binus@semarang","3-4 kali",5,4,5,5,5,5,5,"tidak ada",4,4,4,4,3,4,4,"tidak ada","tidak ada",4,4,5,5,4,4,"tidak ada",2025-04-26,3.17,4.35,4.86,3.86,4.33
103,"19:26:49","19:28:00","computer science","iya","binus@bandung","1-2 kali",3,3,3,3,3,3,3,"-",3,3,3,3,3,3,3,"-","-",3,3,3,3,3,3,"-",2025-04-26,1.18,3,3,3,3
104,"19:35:33","19:37:29","computer science","iya","binus@bandung","1-2 kali",4,4,4,4,4,4,4,"aman semuanya",4,4,4,4,4,4,4,"tidak ada semuanya sudah bagus","semuanya aman kok",4,4,4,4,4,4,"tidak ada",2025-04-26,1.93,4,4,4,4
105,"19:38:25","19:41:38","computer science","iya","binus@bandung",">4 kali",3,4,4,4,4,4,4,"kalo bisa harga ditampilkan dengan lebih besar",4,4,4,4,4,4,4,"sering sering saja di bersihkan","sebisa mungkin pisahkan dapur masak dan tempat makan",4,4,4,4,4,4,"tidak ada",2025-04-26,3.22,3.95,3.86,4,4
106,"19:56:00","19:59:53","public relations","iya","binus@malang",">4 kali",5,5,5,5,5,5,3,"untuk harga menu harusnya ditampilin semua jadi ntar kesannya biar gk trap gitu",5,4,3,5,5,5,5,"sejauh ini fine fine aja klo untuk kebersihan","munngkin untuk tata ruang antri bisa di optimalkan",5,5,5,5,3,3,"kualitas sih oke yaaa",2025-04-26,3.88,4.55,4.71,4.57,4.33
107,"19:59:10","20:01:28","computer science","iya","binus@bandung","3-4 kali",4,4,4,4,4,4,3,"ada kios yang tidak memasang informasi harga, sebaiknya dipasang supaya memudahkan",4,4,4,4,4,4,4,"tidak ada","tidak ada",4,4,4,4,3,4,"lebih banyak makanan yang harganya lebih terjangkau lagi",2025-04-26,2.3,3.9,3.86,4,3.83
108,"21:32:06","21:35:40","computer science","iya","binus@semarang","3-4 kali",5,5,5,4,5,5,5,"tidak ada",5,4,4,5,3,4,4,"tidak ada","tidak ada",2,2,5,5,5,5,"tidak ada",2025-04-26,3.57,4.35,4.86,4.14,4
109,"23:55:45","23:59:47","information systems","iya","binus@semarang",">4 kali",3,3,4,4,4,4,5,"tidak ada",4,4,3,4,2,4,4,"mungkin bisa dengan ada petugas yang stand by untuk langsung membersihkan meja, karena kalo ga mahasiswa sendiri yang harus membersihkan dan biasanya meja itu kotor dengan bekas tumpahan makanan bukan hanya box makanannya saja","bisa dengan menambahkan tisu dan juga wastafel dekat area kantin payung",4,4,4,4,4,4,"tidak ada",2025-04-26,4.03,3.8,3.86,3.57,4
110,"17:27:02","17:29:33","computer science","iya","binus@malang","1-2 kali",4,4,4,2,4,4,4,"sudah cukup baik",5,5,4,4,4,4,4,"cukup baik","cukup baik",4,4,4,4,4,4,"cukup baik",2025-04-27,2.52,4,3.71,4.29,4
111,"15:57:42","15:59:56","computer science","iya","binus@semarang","0 kali",3,3,3,3,3,3,3,"tidak ada",4,3,3,3,3,3,3,"tidak ada","tidak ada",3,3,3,3,3,3,"tidak ada",2025-04-28,2.23,3.05,3,3.14,3
112,"18:47:12","18:50:17","computer science","iya","binus@bandung","3-4 kali",4,4,5,4,5,4,4,"tidak ada",4,4,4,4,4,4,4,"tdk ada","tdk ada",4,4,4,4,4,4,"tdk ada",2025-04-28,3.08,4.1,4.29,4,4
113,"13:44:49","13:46:52","computer science","iya","binus@semarang","0 kali",4,5,4,4,5,5,5,"-",3,4,4,4,4,4,4,"-","-",4,4,4,4,2,4,"-",2025-04-29,2.05,4.05,4.57,3.86,3.67
114,"14:25:56","14:30:59","computer science","iya","binus@bandung","1-2 kali",5,5,5,5,4,5,5,"tidak ada",4,5,4,4,4,4,5,"tidak ada","tidak ada",5,5,5,5,4,4,"tidak ada",2025-04-29,5.05,4.6,4.86,4.29,4.67
115,"23:52:15","23:56:17","computer science","iya","binus@bandung","1-2 kali",3,3,4,4,4,4,4,"tidak ada",4,4,4,4,4,4,4,"tidak ada","tidak ada",5,5,5,5,5,5,"tidak ada",2025-04-29,4.03,4.2,3.71,4,5
116,"12:25:19","12:28:04","computer science","iya","binus@bandung",">4 kali",4,4,4,5,4,4,4,"-",4,5,5,4,4,4,4,"-","-",4,4,4,4,4,4,"-",2025-05-05,2.75,4.15,4.14,4.29,4
